[{
	"value": "zh",
	"label": "中文"
}, {
	"value": "en",
	"label": "英语"
}, {
	"value": "yue",
	"label": "粤语"
}, {
	"value": "wyw",
	"label": "文言文"
}, {
	"value": "kor",
	"label": "韩语"
}, {
	"value": "fra",
	"label": "法语"
}, {
	"value": "spa",
	"label": "西班牙语"
}, {
	"value": "th",
	"label": "泰语"
}, {
	"value": "ara",
	"label": "阿拉伯语"
}, {
	"value": "ru",
	"label": "俄语"
}, {
	"value": "pt",
	"label": "葡萄牙语"
}, {
	"value": "de",
	"label": "德语"
}, {
	"value": "it",
	"label": "意大利语"
}, {
	"value": "el",
	"label": "希腊语"
}, {
	"value": "nl",
	"label": "荷兰语"
}, {
	"value": "pl",
	"label": "波兰语"
}, {
	"value": "bul",
	"label": "保加利亚语"
}, {
	"value": "est",
	"label": "爱沙尼亚语"
}, {
	"value": "dan",
	"label": "丹麦语"
}, {
	"value": "fin",
	"label": "fin"
}, {
	"value": "cs",
	"label": "捷克语"
}, {
	"value": "rom",
	"label": "罗马尼亚语"
}, {
	"value": "slo",
	"label": "斯洛文尼亚语"
}, {
	"value": "swe",
	"label": "瑞典语"
}, {
	"value": "hu",
	"label": "匈牙利语"
}, {
	"value": "cht",
	"label": "繁体中文"
}, {
	"value": "vie",
	"label": "越南语"
}]
